{
  "v": "5.7.8",
  "fr": 30,
  "ip": 0,
  "op": 60,
  "w": 500,
  "h": 500,
  "nm": "Chat Loading Animation",
  "ddd": 0,
  "assets": [],
  "layers": [
    {
      "ddd": 0,
      "ind": 1,
      "ty": 4,
      "nm": "Chat Bubble 1",
      "sr": 1,
      "ks": {
        "o": { "a": 0, "k": 100 },
        "r": { "a": 0, "k": 0 },
        "p": { 
          "a": 1, 
          "k": [
            {
              "i": { "x": 0.667, "y": 1 },
              "o": { "x": 0.333, "y": 0 },
              "t": 0,
              "s": [180, 250, 0]
            },
            {
              "i": { "x": 0.667, "y": 1 },
              "o": { "x": 0.333, "y": 0 },
              "t": 15,
              "s": [180, 230, 0]
            },
            {
              "t": 30,
              "s": [180, 250, 0]
            }
          ]
        },
        "a": { "a": 0, "k": [0, 0, 0] },
        "s": { "a": 0, "k": [100, 100, 100] }
      },
      "ao": 0,
      "shapes": [
        {
          "ty": "gr",
          "it": [
            {
              "ty": "rc",
              "d": 1,
              "s": { "a": 0, "k": [60, 40] },
              "p": { "a": 0, "k": [0, 0] },
              "r": { "a": 0, "k": 20 }
            },
            {
              "ty": "fl",
              "c": { "a": 0, "k": [0.2, 0.47, 0.8, 1] },
              "o": { "a": 0, "k": 100 }
            },
            {
              "ty": "tr",
              "p": { "a": 0, "k": [0, 0] },
              "a": { "a": 0, "k": [0, 0] },
              "s": { "a": 0, "k": [100, 100] },
              "r": { "a": 0, "k": 0 },
              "o": { "a": 0, "k": 100 },
              "sk": { "a": 0, "k": 0 },
              "sa": { "a": 0, "k": 0 }
            }
          ],
          "nm": "Chat Bubble"
        }
      ]
    },
    {
      "ddd": 0,
      "ind": 2,
      "ty": 4,
      "nm": "Chat Bubble 2",
      "sr": 1,
      "ks": {
        "o": { "a": 0, "k": 100 },
        "r": { "a": 0, "k": 0 },
        "p": { 
          "a": 1, 
          "k": [
            {
              "i": { "x": 0.667, "y": 1 },
              "o": { "x": 0.333, "y": 0 },
              "t": 10,
              "s": [250, 250, 0]
            },
            {
              "i": { "x": 0.667, "y": 1 },
              "o": { "x": 0.333, "y": 0 },
              "t": 25,
              "s": [250, 230, 0]
            },
            {
              "t": 40,
              "s": [250, 250, 0]
            }
          ]
        },
        "a": { "a": 0, "k": [0, 0, 0] },
        "s": { "a": 0, "k": [100, 100, 100] }
      },
      "ao": 0,
      "shapes": [
        {
          "ty": "gr",
          "it": [
            {
              "ty": "rc",
              "d": 1,
              "s": { "a": 0, "k": [60, 40] },
              "p": { "a": 0, "k": [0, 0] },
              "r": { "a": 0, "k": 20 }
            },
            {
              "ty": "fl",
              "c": { "a": 0, "k": [0.2, 0.6, 0.4, 1] },
              "o": { "a": 0, "k": 100 }
            },
            {
              "ty": "tr",
              "p": { "a": 0, "k": [0, 0] },
              "a": { "a": 0, "k": [0, 0] },
              "s": { "a": 0, "k": [100, 100] },
              "r": { "a": 0, "k": 0 },
              "o": { "a": 0, "k": 100 },
              "sk": { "a": 0, "k": 0 },
              "sa": { "a": 0, "k": 0 }
            }
          ],
          "nm": "Chat Bubble"
        }
      ]
    },
    {
      "ddd": 0,
      "ind": 3,
      "ty": 4,
      "nm": "Chat Bubble 3",
      "sr": 1,
      "ks": {
        "o": { "a": 0, "k": 100 },
        "r": { "a": 0, "k": 0 },
        "p": { 
          "a": 1, 
          "k": [
            {
              "i": { "x": 0.667, "y": 1 },
              "o": { "x": 0.333, "y": 0 },
              "t": 20,
              "s": [320, 250, 0]
            },
            {
              "i": { "x": 0.667, "y": 1 },
              "o": { "x": 0.333, "y": 0 },
              "t": 35,
              "s": [320, 230, 0]
            },
            {
              "t": 50,
              "s": [320, 250, 0]
            }
          ]
        },
        "a": { "a": 0, "k": [0, 0, 0] },
        "s": { "a": 0, "k": [100, 100, 100] }
      },
      "ao": 0,
      "shapes": [
        {
          "ty": "gr",
          "it": [
            {
              "ty": "rc",
              "d": 1,
              "s": { "a": 0, "k": [60, 40] },
              "p": { "a": 0, "k": [0, 0] },
              "r": { "a": 0, "k": 20 }
            },
            {
              "ty": "fl",
              "c": { "a": 0, "k": [0.8, 0.3, 0.3, 1] },
              "o": { "a": 0, "k": 100 }
            },
            {
              "ty": "tr",
              "p": { "a": 0, "k": [0, 0] },
              "a": { "a": 0, "k": [0, 0] },
              "s": { "a": 0, "k": [100, 100] },
              "r": { "a": 0, "k": 0 },
              "o": { "a": 0, "k": 100 },
              "sk": { "a": 0, "k": 0 },
              "sa": { "a": 0, "k": 0 }
            }
          ],
          "nm": "Chat Bubble"
        }
      ]
    }
  ]
}