{
  "v": "5.7.8",
  "fr": 30,
  "ip": 0,
  "op": 60,
  "w": 500,
  "h": 500,
  "nm": "ChatList Loading Animation",
  "ddd": 0,
  "assets": [],
  "layers": [
    {
      "ddd": 0,
      "ind": 1,
      "ty": 4,
      "nm": "Bubble 1",
      "sr": 1,
      "ks": {
        "o": {
          "a": 1,
          "k": [
            {
              "i": { "x": [0.667], "y": [1] },
              "o": { "x": [0.333], "y": [0] },
              "t": 0,
              "s": [30]
            },
            {
              "i": { "x": [0.667], "y": [1] },
              "o": { "x": [0.333], "y": [0] },
              "t": 15,
              "s": [100]
            },
            {
              "i": { "x": [0.667], "y": [1] },
              "o": { "x": [0.333], "y": [0] },
              "t": 30,
              "s": [30]
            },
            {
              "t": 60,
              "s": [30]
            }
          ]
        },
        "p": { "a": 0, "k": [200, 250, 0] },
        "s": { "a": 0, "k": [100, 100, 100] }
      },
      "shapes": [
        {
          "ty": "gr",
          "it": [
            {
              "d": 1,
              "ty": "el",
              "s": { "a": 0, "k": [50, 50] },
              "p": { "a": 0, "k": [0, 0] }
            },
            {
              "ty": "fl",
              "c": { "a": 0, "k": [0.039, 0.494, 0.643, 1] },
              "o": { "a": 0, "k": 100 }
            },
            {
              "ty": "tr",
              "p": { "a": 0, "k": [0, 0] },
              "a": { "a": 0, "k": [0, 0] },
              "s": { "a": 0, "k": [100, 100] },
              "r": { "a": 0, "k": 0 },
              "o": { "a": 0, "k": 100 }
            }
          ]
        }
      ]
    },
    {
      "ddd": 0,
      "ind": 2,
      "ty": 4,
      "nm": "Bubble 2",
      "sr": 1,
      "ks": {
        "o": {
          "a": 1,
          "k": [
            {
              "i": { "x": [0.667], "y": [1] },
              "o": { "x": [0.333], "y": [0] },
              "t": 10,
              "s": [30]
            },
            {
              "i": { "x": [0.667], "y": [1] },
              "o": { "x": [0.333], "y": [0] },
              "t": 25,
              "s": [100]
            },
            {
              "i": { "x": [0.667], "y": [1] },
              "o": { "x": [0.333], "y": [0] },
              "t": 40,
              "s": [30]
            },
            {
              "t": 60,
              "s": [30]
            }
          ]
        },
        "p": { "a": 0, "k": [250, 250, 0] },
        "s": { "a": 0, "k": [100, 100, 100] }
      },
      "shapes": [
        {
          "ty": "gr",
          "it": [
            {
              "d": 1,
              "ty": "el",
              "s": { "a": 0, "k": [50, 50] },
              "p": { "a": 0, "k": [0, 0] }
            },
            {
              "ty": "fl",
              "c": { "a": 0, "k": [0.039, 0.494, 0.643, 1] },
              "o": { "a": 0, "k": 100 }
            },
            {
              "ty": "tr",
              "p": { "a": 0, "k": [0, 0] },
              "a": { "a": 0, "k": [0, 0] },
              "s": { "a": 0, "k": [100, 100] },
              "r": { "a": 0, "k": 0 },
              "o": { "a": 0, "k": 100 }
            }
          ]
        }
      ]
    },
    {
      "ddd": 0,
      "ind": 3,
      "ty": 4,
      "nm": "Bubble 3",
      "sr": 1,
      "ks": {
        "o": {
          "a": 1,
          "k": [
            {
              "i": { "x": [0.667], "y": [1] },
              "o": { "x": [0.333], "y": [0] },
              "t": 20,
              "s": [30]
            },
            {
              "i": { "x": [0.667], "y": [1] },
              "o": { "x": [0.333], "y": [0] },
              "t": 35,
              "s": [100]
            },
            {
              "i": { "x": [0.667], "y": [1] },
              "o": { "x": [0.333], "y": [0] },
              "t": 50,
              "s": [30]
            },
            {
              "t": 60,
              "s": [30]
            }
          ]
        },
        "p": { "a": 0, "k": [300, 250, 0] },
        "s": { "a": 0, "k": [100, 100, 100] }
      },
      "shapes": [
        {
          "ty": "gr",
          "it": [
            {
              "d": 1,
              "ty": "el",
              "s": { "a": 0, "k": [50, 50] },
              "p": { "a": 0, "k": [0, 0] }
            },
            {
              "ty": "fl",
              "c": { "a": 0, "k": [0.039, 0.494, 0.643, 1] },
              "o": { "a": 0, "k": 100 }
            },
            {
              "ty": "tr",
              "p": { "a": 0, "k": [0, 0] },
              "a": { "a": 0, "k": [0, 0] },
              "s": { "a": 0, "k": [100, 100] },
              "r": { "a": 0, "k": 0 },
              "o": { "a": 0, "k": 100 }
            }
          ]
        }
      ]
    }
  ]
}