{
  "v": "5.7.8",
  "fr": 30,
  "ip": 0,
  "op": 60,
  "w": 500,
  "h": 500,
  "nm": "Signin Animation",
  "ddd": 0,
  "assets": [],
  "layers": [
    {
      "ddd": 0,
      "ind": 1,
      "ty": 4,
      "nm": "Lock",
      "sr": 1,
      "ks": {
        "o": { "a": 0, "k": 100 },
        "r": { "a": 0, "k": 0 },
        "p": { "a": 0, "k": [250, 250, 0] },
        "a": { "a": 0, "k": [0, 0, 0] },
        "s": { 
          "a": 1, 
          "k": [
            {
              "i": { "x": [0.667], "y": [1] },
              "o": { "x": [0.333], "y": [0] },
              "t": 0,
              "s": [80, 80, 100]
            },
            {
              "i": { "x": [0.667], "y": [1] },
              "o": { "x": [0.333], "y": [0] },
              "t": 15,
              "s": [100, 100, 100]
            },
            {
              "i": { "x": [0.667], "y": [1] },
              "o": { "x": [0.333], "y": [0] },
              "t": 30,
              "s": [90, 90, 100]
            },
            {
              "t": 45,
              "s": [100, 100, 100]
            }
          ]
        }
      },
      "ao": 0,
      "shapes": [
        {
          "ty": "gr",
          "it": [
            {
              "ty": "rc",
              "d": 1,
              "s": { "a": 0, "k": [100, 80] },
              "p": { "a": 0, "k": [0, -20] },
              "r": { "a": 0, "k": 10 }
            },
            {
              "ty": "fl",
              "c": { "a": 0, "k": [0.2, 0.47, 0.8, 1] },
              "o": { "a": 0, "k": 100 }
            },
            {
              "ty": "tr",
              "p": { "a": 0, "k": [0, 0] },
              "a": { "a": 0, "k": [0, 0] },
              "s": { "a": 0, "k": [100, 100] },
              "r": { "a": 0, "k": 0 },
              "o": { "a": 0, "k": 100 },
              "sk": { "a": 0, "k": 0 },
              "sa": { "a": 0, "k": 0 }
            }
          ],
          "nm": "Lock Body"
        },
        {
          "ty": "gr",
          "it": [
            {
              "ty": "rc",
              "d": 1,
              "s": { "a": 0, "k": [140, 30] },
              "p": { "a": 0, "k": [0, -80] },
              "r": { "a": 0, "k": 15 }
            },
            {
              "ty": "st",
              "c": { "a": 0, "k": [0.2, 0.47, 0.8, 1] },
              "o": { "a": 0, "k": 100 },
              "w": { "a": 0, "k": 10 }
            },
            {
              "ty": "tr",
              "p": { 
                "a": 1,
                "k": [
                  {
                    "i": { "x": 0.667, "y": 1 },
                    "o": { "x": 0.333, "y": 0 },
                    "t": 20,
                    "s": [0, 0]
                  },
                  {
                    "t": 35,
                    "s": [0, 20]
                  }
                ]
              },
              "a": { "a": 0, "k": [0, 0] },
              "s": { "a": 0, "k": [100, 100] },
              "r": { 
                "a": 1,
                "k": [
                  {
                    "i": { "x": 0.667, "y": 1 },
                    "o": { "x": 0.333, "y": 0 },
                    "t": 20,
                    "s": [0]
                  },
                  {
                    "t": 35,
                    "s": [180]
                  }
                ]
              },
              "o": { "a": 0, "k": 100 },
              "sk": { "a": 0, "k": 0 },
              "sa": { "a": 0, "k": 0 }
            }
          ],
          "nm": "Lock Shackle"
        },
        {
          "ty": "gr",
          "it": [
            {
              "ty": "el",
              "d": 1,
              "s": { "a": 0, "k": [30, 30] },
              "p": { "a": 0, "k": [0, 0] }
            },
            {
              "ty": "fl",
              "c": { "a": 0, "k": [1, 1, 1, 1] },
              "o": { "a": 0, "k": 100 }
            },
            {
              "ty": "tr",
              "p": { "a": 0, "k": [0, -20] },
              "a": { "a": 0, "k": [0, 0] },
              "s": { "a": 0, "k": [100, 100] },
              "r": { "a": 0, "k": 0 },
              "o": { "a": 0, "k": 100 },
              "sk": { "a": 0, "k": 0 },
              "sa": { "a": 0, "k": 0 }
            }
          ],
          "nm": "Keyhole"
        }
      ],
      "ip": 0,
      "op": 60,
      "st": 0,
      "bm": 0
    }
  ]
}